Item CD,Item name,Manufacturing loc. CD,BOM pattern
2100000001,V-BELT W200 SA100,WP-WP6,1
2100000002,V-BELT W200 SA101,WP-WP8,3
2100000003,V-BELT W200 SA102,WP-WP8,3
2100000004,V-BELT W200 SA103,WP-WP8,3
2100000005,V-BELT W200 SA104,WP-WP8,3
2100000006,V-BELT W200 SA105,WP-WP8,3
2100000007,V-BELT W200 SA106,WP-WP8,3
2100000008,V-BELT W200 SA107,WP-WP8,3
2100000009,V-BELT W200 SA108,WP-WP8,3
2100000010,V-BELT W200 SA109,WP-WP8,3
2100000011,V-BELT W200 SA110,WP-WP8,3
2100000012,V-BELT W200 SA111,WP-WP8,3
2100000013,V-BELT W200 SA112,WP-WP8,3
2100000014,V-BELT W200 SA113,WP-WP8,3
2100000015,V-BELT W200 SA114,WP-WP8,3
2100000016,V-BELT W200 SA115,WP-WP8,3
2100000017,V-BELT W200 SA116,WP-WP8,3
2100000018,V-BELT W200 SA117,WP-WP8,3
2100000019,V-BELT W200 SA118,WP-WP8,3
2100000020,V-BELT W200 SA119,WP-WP8,3
2100000021,V-BELT W200 SA120,WP-WP8,3
2100000022,V-BELT W200 SA121,WP-WP8,3
2100000023,V-BELT W200 SA122,WP-WP8,3
2100000024,V-BELT W200 SA123,WP-WP8,3
2100000025,V-BELT W200 SA124,WP-WP8,3
2100000026,V-BELT W200 SA125,WP-WP8,3
2100000027,V-BELT W200 SA126,WP-WP8,3
2100000028,V-BELT W200 SA127,WP-WP8,3
2100000029,V-BELT W200 SA128,WP-WP8,3
2100000030,V-BELT W200 SA129,WP-WP8,3
2100000031,V-BELT W200 SA130,WP-WP8,3
2100000032,V-BELT W200 SA131,WP-WP8,3
2100000033,V-BELT W200 SA132,WP-WP8,3
2100000034,V-BELT W200 SA133,WP-WP8,3
2100000035,V-BELT W200 SA134,WP-WP8,3
2100000036,V-BELT W200 SA135,WP-WP8,3
2100000037,V-BELT W200 SA136,WP-WP8,3
2100000038,V-BELT W200 SA137,WP-WP8,3
2100000039,V-BELT W200 SA138,WP-WP8,3
2100000040,V-BELT W200 SA139,WP-WP8,3
2100000041,V-BELT W200 SA140,WP-WP8,3
2100000042,V-BELT W200 SA141,WP-WP8,3
2100000043,V-BELT W200 SA142,WP-WP8,3
2100000044,V-BELT W200 SA143,WP-WP8,3
2100000045,V-BELT W200 SA144,WP-WP8,3
2100000046,V-BELT W200 SA145,WP-WP8,3
2100000047,V-BELT W200 SA146,WP-WP8,3
2100000048,V-BELT W200 SA147,WP-WP8,3
2100000049,V-BELT W200 SA148,WP-WP8,3
2100000050,V-BELT W200 SA149,WP-WP8,3
2100000051,V-BELT W200 SA150,WP-WP8,3
2100000052,V-BELT W200 SA151,WP-WP8,3
2100000053,V-BELT W200 SA152,WP-WP8,3
2100000054,V-BELT W200 SA153,WP-WP8,3
2100000055,V-BELT W200 SA154,WP-WP8,3
2100000056,V-BELT W200 SA155,WP-WP8,3
2100000057,V-BELT W200 SA156,WP-WP8,3
2100000058,V-BELT W200 SA157,WP-WP8,3
2100000059,V-BELT W200 SA158,WP-WP8,3
2100000060,V-BELT W200 SA159,WP-WP8,3
2100000061,V-BELT W200 SA160,WP-WP8,3
2100000062,V-BELT W200 SA161,WP-WP8,3
2100000063,V-BELT W200 SA162,WP-WP8,3
2100000064,V-BELT W200 SA163,WP-WP8,3
2100000065,V-BELT W200 SA164,WP-WP8,3
2100000066,V-BELT W200 SA165,WP-WP8,3
2100000067,V-BELT W200 SA166,WP-WP8,3
2100000068,V-BELT W200 SA167,WP-WP8,3
2100000069,V-BELT W200 SA168,WP-WP8,3
2100000070,V-BELT W200 SA169,WP-WP8,3
2100000071,V-BELT W200 SA170,WP-WP8,3
2100000072,V-BELT W200 SA171,WP-WP8,3
2100000073,V-BELT W200 SA172,WP-WP8,3
2100000074,V-BELT W200 SA173,WP-WP8,3
2100000075,V-BELT W200 SA174,WP-WP8,3
2100000076,V-BELT W200 SA175,WP-WP8,3
2100000077,V-BELT W200 SA176,WP-WP8,3
2100000078,V-BELT W200 SA177,WP-WP8,3
2100000079,V-BELT W200 SA178,WP-WP8,3
2100000080,V-BELT W200 SA179,WP-WP8,3
2100000081,V-BELT W200 SA180,WP-WP8,3
2100000082,V-BELT W200 SA181,WP-WP8,3
2100000083,V-BELT W200 SA182,WP-WP8,3
2100000084,V-BELT W200 SA183,WP-WP8,3
2100000085,V-BELT W200 SA184,WP-WP8,3
2100000086,V-BELT W200 SA185,WP-WP8,3
2100000087,V-BELT W200 SA186,WP-WP8,3
2100000088,V-BELT W200 SA187,WP-WP8,3
2100000089,V-BELT W200 SA188,WP-WP8,3
2100000090,V-BELT W200 SA189,WP-WP8,3
2100000091,V-BELT W200 SA190,WP-WP8,3
2100000092,V-BELT W200 SA191,WP-WP8,3
2100000093,V-BELT W200 SA192,WP-WP8,3
2100000094,V-BELT W200 SA193,WP-WP8,3
2100000095,V-BELT W200 SA194,WP-WP8,3
2100000096,V-BELT W200 SA195,WP-WP8,3
2100000097,V-BELT W200 SA196,WP-WP8,3
2100000098,V-BELT W200 SA197,WP-WP8,3
2100000099,V-BELT W200 SA198,WP-WP8,3
2100000100,V-BELT W200 SA199,WP-WP8,3
